[
	{
		"inputs": [
			{
				"internalType": "string",
				"name": "Person__Name",
				"type": "string"
			},
			{
				"internalType": "uint256",
				"name": "Age",
				"type": "uint256"
			},
			{
				"internalType": "string",
				"name": "Person__Address",
				"type": "string"
			},
			{
				"internalType": "string",
				"name": "Complaint__Description",
				"type": "string"
			},
			{
				"internalType": "uint256",
				"name": "Phone__Number",
				"type": "uint256"
			}
		],
		"name": "Complaint",
		"outputs": [
			{
				"internalType": "uint256",
				"name": "i",
				"type": "uint256"
			}
		],
		"stateMutability": "nonpayable",
		"type": "function"
	},
	{
		"inputs": [
			{
				"internalType": "uint256",
				"name": "i",
				"type": "uint256"
			}
		],
		"name": "Data",
		"outputs": [
			{
				"internalType": "string",
				"name": "Person_Name",
				"type": "string"
			},
			{
				"internalType": "uint256",
				"name": "Age",
				"type": "uint256"
			},
			{
				"internalType": "string",
				"name": "Person_Address",
				"type": "string"
			},
			{
				"internalType": "string",
				"name": "Complaint_Description",
				"type": "string"
			},
			{
				"internalType": "uint256",
				"name": "Phone_Number",
				"type": "uint256"
			}
		],
		"stateMutability": "view",
		"type": "function"
	}
]